Mach,Alpha,Phi,Cx,Cy,Cz,CMx,CMy,CMz
0,0,0,-0.45,0,0,0,0,0
0,0,360,-0.45,0,0,0,0,0
0,1,0,-0.449931,0,-0.184861,0,-2.34154,0
0,1,360,-0.449931,0,-0.184861,0,-2.34154,0
0,2,0,-0.449726,0,-0.390222,0,-4.89783,0
0,2,360,-0.449726,0,-0.390222,0,-4.89783,0
0,4,0,-0.448904,0,-0.861423,0,-10.6419,0
0,4,360,-0.448904,0,-0.861423,0,-10.6419,0
0,6,0,-0.447535,0,-1.41131,0,-17.2043,0
0,6,360,-0.447535,0,-1.41131,0,-17.2043,0
0,8,0,-0.445621,0,-2.03719,0,-24.553,0
0,8,360,-0.445621,0,-2.03719,0,-24.553,0
0,10,0,-0.443163,0,-2.73604,0,-32.6522,0
0,10,360,-0.443163,0,-2.73604,0,-32.6522,0
0,12,0,-0.440166,0,-3.50443,0,-41.4624,0
0,12,360,-0.440166,0,-3.50443,0,-41.4624,0
0,15,0,-0.434667,0,-4.77915,0,-55.9162,0
0,15,360,-0.434667,0,-4.77915,0,-55.9162,0
0,20,0,-0.422862,0,-7.19394,0,-82.908,0
0,20,360,-0.422862,0,-7.19394,0,-82.908,0
0,25,0,-0.407839,0,-9.90704,0,-112.807,0
0,25,360,-0.407839,0,-9.90704,0,-112.807,0
0,30,0,-0.389711,0,-12.836,0,-144.706,0
0,30,360,-0.389711,0,-12.836,0,-144.706,0
0,40,0,-0.34472,0,-18.9818,0,-210.592,0
0,40,360,-0.34472,0,-18.9818,0,-210.592,0
0,50,0,-0.289254,0,-24.8899,0,-272.62,0
0,50,360,-0.289254,0,-24.8899,0,-272.62,0
0,60,0,-0.225,0,-29.8478,0,-323.307,0
0,60,360,-0.225,0,-29.8478,0,-323.307,0
0,70,0,-0.153909,0,-33.2575,0,-356.541,0
0,70,360,-0.153909,0,-33.2575,0,-356.541,0
0,80,0,-0.0781417,0,-34.7077,0,-368.313,0
0,80,360,-0.0781417,0,-34.7077,0,-368.313,0
0,90,0,-2.75546e-17,0,-34.0236,0,-357.203,0
0,90,360,-2.75546e-17,0,-34.0236,0,-357.203,0
0,100,0,0.0781417,0,-34.7077,0,-368.313,0
0,100,360,0.0781417,0,-34.7077,0,-368.313,0
0,110,0,0.153909,0,-33.2575,0,-356.541,0
0,110,360,0.153909,0,-33.2575,0,-356.541,0
0,120,0,0.225,0,-29.8478,0,-323.307,0
0,120,360,0.225,0,-29.8478,0,-323.307,0
0,130,0,0.289254,0,-24.8899,0,-272.62,0
0,130,360,0.289254,0,-24.8899,0,-272.62,0
0,140,0,0.34472,0,-18.9818,0,-210.592,0
0,140,360,0.34472,0,-18.9818,0,-210.592,0
0,150,0,0.389711,0,-12.836,0,-144.706,0
0,150,360,0.389711,0,-12.836,0,-144.706,0
0,155,0,0.407839,0,-9.90704,0,-112.807,0
0,155,360,0.407839,0,-9.90704,0,-112.807,0
0,160,0,0.422862,0,-7.19394,0,-82.908,0
0,160,360,0.422862,0,-7.19394,0,-82.908,0
0,165,0,0.434667,0,-4.77915,0,-55.9162,0
0,165,360,0.434667,0,-4.77915,0,-55.9162,0
0,168,0,0.440166,0,-3.50443,0,-41.4624,0
0,168,360,0.440166,0,-3.50443,0,-41.4624,0
0,170,0,0.443163,0,-2.73604,0,-32.6522,0
0,170,360,0.443163,0,-2.73604,0,-32.6522,0
0,172,0,0.445621,0,-2.03719,0,-24.553,0
0,172,360,0.445621,0,-2.03719,0,-24.553,0
0,174,0,0.447535,0,-1.41131,0,-17.2043,0
0,174,360,0.447535,0,-1.41131,0,-17.2043,0
0,176,0,0.448904,0,-0.861423,0,-10.6419,0
0,176,360,0.448904,0,-0.861423,0,-10.6419,0
0,178,0,0.449726,0,-0.390222,0,-4.89783,0
0,178,360,0.449726,0,-0.390222,0,-4.89783,0
0,179,0,0.449931,0,-0.184861,0,-2.34154,0
0,179,360,0.449931,0,-0.184861,0,-2.34154,0
0,180,0,0.45,0,-1.22465e-15,0,-1.56697e-14,0
0,180,360,0.45,0,-1.22465e-15,0,-1.56697e-14,0
0.3,0,0,-0.45,0,0,0,0,0
0.3,0,360,-0.45,0,0,0,0,0
0.3,1,0,-0.449931,0,-0.184861,0,-2.34154,0
0.3,1,360,-0.449931,0,-0.184861,0,-2.34154,0
0.3,2,0,-0.449726,0,-0.390222,0,-4.89783,0
0.3,2,360,-0.449726,0,-0.390222,0,-4.89783,0
0.3,4,0,-0.448904,0,-0.861423,0,-10.6419,0
0.3,4,360,-0.448904,0,-0.861423,0,-10.6419,0
0.3,6,0,-0.447535,0,-1.41131,0,-17.2043,0
0.3,6,360,-0.447535,0,-1.41131,0,-17.2043,0
0.3,8,0,-0.445621,0,-2.03719,0,-24.553,0
0.3,8,360,-0.445621,0,-2.03719,0,-24.553,0
0.3,10,0,-0.443163,0,-2.73604,0,-32.6522,0
0.3,10,360,-0.443163,0,-2.73604,0,-32.6522,0
0.3,12,0,-0.440166,0,-3.50443,0,-41.4624,0
0.3,12,360,-0.440166,0,-3.50443,0,-41.4624,0
0.3,15,0,-0.434667,0,-4.77915,0,-55.9162,0
0.3,15,360,-0.434667,0,-4.77915,0,-55.9162,0
0.3,20,0,-0.422862,0,-7.19394,0,-82.908,0
0.3,20,360,-0.422862,0,-7.19394,0,-82.908,0
0.3,25,0,-0.407839,0,-9.90704,0,-112.807,0
0.3,25,360,-0.407839,0,-9.90704,0,-112.807,0
0.3,30,0,-0.389711,0,-12.836,0,-144.706,0
0.3,30,360,-0.389711,0,-12.836,0,-144.706,0
0.3,40,0,-0.34472,0,-18.9818,0,-210.592,0
0.3,40,360,-0.34472,0,-18.9818,0,-210.592,0
0.3,50,0,-0.289254,0,-24.8899,0,-272.62,0
0.3,50,360,-0.289254,0,-24.8899,0,-272.62,0
0.3,60,0,-0.225,0,-29.8478,0,-323.307,0
0.3,60,360,-0.225,0,-29.8478,0,-323.307,0
0.3,70,0,-0.153909,0,-33.2575,0,-356.541,0
0.3,70,360,-0.153909,0,-33.2575,0,-356.541,0
0.3,80,0,-0.0781417,0,-34.7077,0,-368.313,0
0.3,80,360,-0.0781417,0,-34.7077,0,-368.313,0
0.3,90,0,-2.75546e-17,0,-34.0236,0,-357.203,0
0.3,90,360,-2.75546e-17,0,-34.0236,0,-357.203,0
0.3,100,0,0.0781417,0,-34.7077,0,-368.313,0
0.3,100,360,0.0781417,0,-34.7077,0,-368.313,0
0.3,110,0,0.153909,0,-33.2575,0,-356.541,0
0.3,110,360,0.153909,0,-33.2575,0,-356.541,0
0.3,120,0,0.225,0,-29.8478,0,-323.307,0
0.3,120,360,0.225,0,-29.8478,0,-323.307,0
0.3,130,0,0.289254,0,-24.8899,0,-272.62,0
0.3,130,360,0.289254,0,-24.8899,0,-272.62,0
0.3,140,0,0.34472,0,-18.9818,0,-210.592,0
0.3,140,360,0.34472,0,-18.9818,0,-210.592,0
0.3,150,0,0.389711,0,-12.836,0,-144.706,0
0.3,150,360,0.389711,0,-12.836,0,-144.706,0
0.3,155,0,0.407839,0,-9.90704,0,-112.807,0
0.3,155,360,0.407839,0,-9.90704,0,-112.807,0
0.3,160,0,0.422862,0,-7.19394,0,-82.908,0
0.3,160,360,0.422862,0,-7.19394,0,-82.908,0
0.3,165,0,0.434667,0,-4.77915,0,-55.9162,0
0.3,165,360,0.434667,0,-4.77915,0,-55.9162,0
0.3,168,0,0.440166,0,-3.50443,0,-41.4624,0
0.3,168,360,0.440166,0,-3.50443,0,-41.4624,0
0.3,170,0,0.443163,0,-2.73604,0,-32.6522,0
0.3,170,360,0.443163,0,-2.73604,0,-32.6522,0
0.3,172,0,0.445621,0,-2.03719,0,-24.553,0
0.3,172,360,0.445621,0,-2.03719,0,-24.553,0
0.3,174,0,0.447535,0,-1.41131,0,-17.2043,0
0.3,174,360,0.447535,0,-1.41131,0,-17.2043,0
0.3,176,0,0.448904,0,-0.861423,0,-10.6419,0
0.3,176,360,0.448904,0,-0.861423,0,-10.6419,0
0.3,178,0,0.449726,0,-0.390222,0,-4.89783,0
0.3,178,360,0.449726,0,-0.390222,0,-4.89783,0
0.3,179,0,0.449931,0,-0.184861,0,-2.34154,0
0.3,179,360,0.449931,0,-0.184861,0,-2.34154,0
0.3,180,0,0.45,0,-1.22465e-15,0,-1.56697e-14,0
0.3,180,360,0.45,0,-1.22465e-15,0,-1.56697e-14,0
0.6,0,0,-0.46,0,0,0,0,0
0.6,0,360,-0.46,0,0,0,0,0
0.6,1,0,-0.45993,0,-0.184861,0,-2.34154,0
0.6,1,360,-0.45993,0,-0.184861,0,-2.34154,0
0.6,2,0,-0.45972,0,-0.390222,0,-4.89783,0
0.6,2,360,-0.45972,0,-0.390222,0,-4.89783,0
0.6,4,0,-0.458879,0,-0.861423,0,-10.6419,0
0.6,4,360,-0.458879,0,-0.861423,0,-10.6419,0
0.6,6,0,-0.45748,0,-1.41131,0,-17.2043,0
0.6,6,360,-0.45748,0,-1.41131,0,-17.2043,0
0.6,8,0,-0.455523,0,-2.03719,0,-24.553,0
0.6,8,360,-0.455523,0,-2.03719,0,-24.553,0
0.6,10,0,-0.453012,0,-2.73604,0,-32.6522,0
0.6,10,360,-0.453012,0,-2.73604,0,-32.6522,0
0.6,12,0,-0.449948,0,-3.50443,0,-41.4624,0
0.6,12,360,-0.449948,0,-3.50443,0,-41.4624,0
0.6,15,0,-0.444326,0,-4.77915,0,-55.9162,0
0.6,15,360,-0.444326,0,-4.77915,0,-55.9162,0
0.6,20,0,-0.432259,0,-7.19394,0,-82.908,0
0.6,20,360,-0.432259,0,-7.19394,0,-82.908,0
0.6,25,0,-0.416902,0,-9.90704,0,-112.807,0
0.6,25,360,-0.416902,0,-9.90704,0,-112.807,0
0.6,30,0,-0.398372,0,-12.836,0,-144.706,0
0.6,30,360,-0.398372,0,-12.836,0,-144.706,0
0.6,40,0,-0.35238,0,-18.9818,0,-210.592,0
0.6,40,360,-0.35238,0,-18.9818,0,-210.592,0
0.6,50,0,-0.295682,0,-24.8899,0,-272.62,0
0.6,50,360,-0.295682,0,-24.8899,0,-272.62,0
0.6,60,0,-0.23,0,-29.8478,0,-323.307,0
0.6,60,360,-0.23,0,-29.8478,0,-323.307,0
0.6,70,0,-0.157329,0,-33.2575,0,-356.541,0
0.6,70,360,-0.157329,0,-33.2575,0,-356.541,0
0.6,80,0,-0.0798782,0,-34.7077,0,-368.313,0
0.6,80,360,-0.0798782,0,-34.7077,0,-368.313,0
0.6,90,0,-2.81669e-17,0,-34.0236,0,-357.203,0
0.6,90,360,-2.81669e-17,0,-34.0236,0,-357.203,0
0.6,100,0,0.0798782,0,-34.7077,0,-368.313,0
0.6,100,360,0.0798782,0,-34.7077,0,-368.313,0
0.6,110,0,0.157329,0,-33.2575,0,-356.541,0
0.6,110,360,0.157329,0,-33.2575,0,-356.541,0
0.6,120,0,0.23,0,-29.8478,0,-323.307,0
0.6,120,360,0.23,0,-29.8478,0,-323.307,0
0.6,130,0,0.295682,0,-24.8899,0,-272.62,0
0.6,130,360,0.295682,0,-24.8899,0,-272.62,0
0.6,140,0,0.35238,0,-18.9818,0,-210.592,0
0.6,140,360,0.35238,0,-18.9818,0,-210.592,0
0.6,150,0,0.398372,0,-12.836,0,-144.706,0
0.6,150,360,0.398372,0,-12.836,0,-144.706,0
0.6,155,0,0.416902,0,-9.90704,0,-112.807,0
0.6,155,360,0.416902,0,-9.90704,0,-112.807,0
0.6,160,0,0.432259,0,-7.19394,0,-82.908,0
0.6,160,360,0.432259,0,-7.19394,0,-82.908,0
0.6,165,0,0.444326,0,-4.77915,0,-55.9162,0
0.6,165,360,0.444326,0,-4.77915,0,-55.9162,0
0.6,168,0,0.449948,0,-3.50443,0,-41.4624,0
0.6,168,360,0.449948,0,-3.50443,0,-41.4624,0
0.6,170,0,0.453012,0,-2.73604,0,-32.6522,0
0.6,170,360,0.453012,0,-2.73604,0,-32.6522,0
0.6,172,0,0.455523,0,-2.03719,0,-24.553,0
0.6,172,360,0.455523,0,-2.03719,0,-24.553,0
0.6,174,0,0.45748,0,-1.41131,0,-17.2043,0
0.6,174,360,0.45748,0,-1.41131,0,-17.2043,0
0.6,176,0,0.458879,0,-0.861423,0,-10.6419,0
0.6,176,360,0.458879,0,-0.861423,0,-10.6419,0
0.6,178,0,0.45972,0,-0.390222,0,-4.89783,0
0.6,178,360,0.45972,0,-0.390222,0,-4.89783,0
0.6,179,0,0.45993,0,-0.184861,0,-2.34154,0
0.6,179,360,0.45993,0,-0.184861,0,-2.34154,0
0.6,180,0,0.46,0,-1.22465e-15,0,-1.56697e-14,0
0.6,180,360,0.46,0,-1.22465e-15,0,-1.56697e-14,0
0.8,0,0,-0.5,0,0,0,0,0
0.8,0,360,-0.5,0,0,0,0,0
0.8,1,0,-0.499924,0,-0.184861,0,-2.34154,0
0.8,1,360,-0.499924,0,-0.184861,0,-2.34154,0
0.8,2,0,-0.499695,0,-0.390222,0,-4.89783,0
0.8,2,360,-0.499695,0,-0.390222,0,-4.89783,0
0.8,4,0,-0.498782,0,-0.861423,0,-10.6419,0
0.8,4,360,-0.498782,0,-0.861423,0,-10.6419,0
0.8,6,0,-0.497261,0,-1.41131,0,-17.2043,0
0.8,6,360,-0.497261,0,-1.41131,0,-17.2043,0
0.8,8,0,-0.495134,0,-2.03719,0,-24.553,0
0.8,8,360,-0.495134,0,-2.03719,0,-24.553,0
0.8,10,0,-0.492404,0,-2.73604,0,-32.6522,0
0.8,10,360,-0.492404,0,-2.73604,0,-32.6522,0
0.8,12,0,-0.489074,0,-3.50443,0,-41.4624,0
0.8,12,360,-0.489074,0,-3.50443,0,-41.4624,0
0.8,15,0,-0.482963,0,-4.77915,0,-55.9162,0
0.8,15,360,-0.482963,0,-4.77915,0,-55.9162,0
0.8,20,0,-0.469846,0,-7.19394,0,-82.908,0
0.8,20,360,-0.469846,0,-7.19394,0,-82.908,0
0.8,25,0,-0.453154,0,-9.90704,0,-112.807,0
0.8,25,360,-0.453154,0,-9.90704,0,-112.807,0
0.8,30,0,-0.433013,0,-12.836,0,-144.706,0
0.8,30,360,-0.433013,0,-12.836,0,-144.706,0
0.8,40,0,-0.383022,0,-18.9818,0,-210.592,0
0.8,40,360,-0.383022,0,-18.9818,0,-210.592,0
0.8,50,0,-0.321394,0,-24.8899,0,-272.62,0
0.8,50,360,-0.321394,0,-24.8899,0,-272.62,0
0.8,60,0,-0.25,0,-29.8478,0,-323.307,0
0.8,60,360,-0.25,0,-29.8478,0,-323.307,0
0.8,70,0,-0.17101,0,-33.2575,0,-356.541,0
0.8,70,360,-0.17101,0,-33.2575,0,-356.541,0
0.8,80,0,-0.0868241,0,-34.7077,0,-368.313,0
0.8,80,360,-0.0868241,0,-34.7077,0,-368.313,0
0.8,90,0,-3.06162e-17,0,-34.0236,0,-357.203,0
0.8,90,360,-3.06162e-17,0,-34.0236,0,-357.203,0
0.8,100,0,0.0868241,0,-34.7077,0,-368.313,0
0.8,100,360,0.0868241,0,-34.7077,0,-368.313,0
0.8,110,0,0.17101,0,-33.2575,0,-356.541,0
0.8,110,360,0.17101,0,-33.2575,0,-356.541,0
0.8,120,0,0.25,0,-29.8478,0,-323.307,0
0.8,120,360,0.25,0,-29.8478,0,-323.307,0
0.8,130,0,0.321394,0,-24.8899,0,-272.62,0
0.8,130,360,0.321394,0,-24.8899,0,-272.62,0
0.8,140,0,0.383022,0,-18.9818,0,-210.592,0
0.8,140,360,0.383022,0,-18.9818,0,-210.592,0
0.8,150,0,0.433013,0,-12.836,0,-144.706,0
0.8,150,360,0.433013,0,-12.836,0,-144.706,0
0.8,155,0,0.453154,0,-9.90704,0,-112.807,0
0.8,155,360,0.453154,0,-9.90704,0,-112.807,0
0.8,160,0,0.469846,0,-7.19394,0,-82.908,0
0.8,160,360,0.469846,0,-7.19394,0,-82.908,0
0.8,165,0,0.482963,0,-4.77915,0,-55.9162,0
0.8,165,360,0.482963,0,-4.77915,0,-55.9162,0
0.8,168,0,0.489074,0,-3.50443,0,-41.4624,0
0.8,168,360,0.489074,0,-3.50443,0,-41.4624,0
0.8,170,0,0.492404,0,-2.73604,0,-32.6522,0
0.8,170,360,0.492404,0,-2.73604,0,-32.6522,0
0.8,172,0,0.495134,0,-2.03719,0,-24.553,0
0.8,172,360,0.495134,0,-2.03719,0,-24.553,0
0.8,174,0,0.497261,0,-1.41131,0,-17.2043,0
0.8,174,360,0.497261,0,-1.41131,0,-17.2043,0
0.8,176,0,0.498782,0,-0.861423,0,-10.6419,0
0.8,176,360,0.498782,0,-0.861423,0,-10.6419,0
0.8,178,0,0.499695,0,-0.390222,0,-4.89783,0
0.8,178,360,0.499695,0,-0.390222,0,-4.89783,0
0.8,179,0,0.499924,0,-0.184861,0,-2.34154,0
0.8,179,360,0.499924,0,-0.184861,0,-2.34154,0
0.8,180,0,0.5,0,-1.22465e-15,0,-1.56697e-14,0
0.8,180,360,0.5,0,-1.22465e-15,0,-1.56697e-14,0
0.9,0,0,-0.58,0,0,0,0,0
0.9,0,360,-0.58,0,0,0,0,0
0.9,1,0,-0.579912,0,-0.184861,0,-2.34154,0
0.9,1,360,-0.579912,0,-0.184861,0,-2.34154,0
0.9,2,0,-0.579647,0,-0.390222,0,-4.89783,0
0.9,2,360,-0.579647,0,-0.390222,0,-4.89783,0
0.9,4,0,-0.578587,0,-0.861423,0,-10.6419,0
0.9,4,360,-0.578587,0,-0.861423,0,-10.6419,0
0.9,6,0,-0.576823,0,-1.41131,0,-17.2043,0
0.9,6,360,-0.576823,0,-1.41131,0,-17.2043,0
0.9,8,0,-0.574355,0,-2.03719,0,-24.553,0
0.9,8,360,-0.574355,0,-2.03719,0,-24.553,0
0.9,10,0,-0.571188,0,-2.73604,0,-32.6522,0
0.9,10,360,-0.571188,0,-2.73604,0,-32.6522,0
0.9,12,0,-0.567326,0,-3.50443,0,-41.4624,0
0.9,12,360,-0.567326,0,-3.50443,0,-41.4624,0
0.9,15,0,-0.560237,0,-4.77915,0,-55.9162,0
0.9,15,360,-0.560237,0,-4.77915,0,-55.9162,0
0.9,20,0,-0.545022,0,-7.19394,0,-82.908,0
0.9,20,360,-0.545022,0,-7.19394,0,-82.908,0
0.9,25,0,-0.525659,0,-9.90704,0,-112.807,0
0.9,25,360,-0.525659,0,-9.90704,0,-112.807,0
0.9,30,0,-0.502295,0,-12.836,0,-144.706,0
0.9,30,360,-0.502295,0,-12.836,0,-144.706,0
0.9,40,0,-0.444306,0,-18.9818,0,-210.592,0
0.9,40,360,-0.444306,0,-18.9818,0,-210.592,0
0.9,50,0,-0.372817,0,-24.8899,0,-272.62,0
0.9,50,360,-0.372817,0,-24.8899,0,-272.62,0
0.9,60,0,-0.29,0,-29.8478,0,-323.307,0
0.9,60,360,-0.29,0,-29.8478,0,-323.307,0
0.9,70,0,-0.198372,0,-33.2575,0,-356.541,0
0.9,70,360,-0.198372,0,-33.2575,0,-356.541,0
0.9,80,0,-0.100716,0,-34.7077,0,-368.313,0
0.9,80,360,-0.100716,0,-34.7077,0,-368.313,0
0.9,90,0,-3.55148e-17,0,-34.0236,0,-357.203,0
0.9,90,360,-3.55148e-17,0,-34.0236,0,-357.203,0
0.9,100,0,0.100716,0,-34.7077,0,-368.313,0
0.9,100,360,0.100716,0,-34.7077,0,-368.313,0
0.9,110,0,0.198372,0,-33.2575,0,-356.541,0
0.9,110,360,0.198372,0,-33.2575,0,-356.541,0
0.9,120,0,0.29,0,-29.8478,0,-323.307,0
0.9,120,360,0.29,0,-29.8478,0,-323.307,0
0.9,130,0,0.372817,0,-24.8899,0,-272.62,0
0.9,130,360,0.372817,0,-24.8899,0,-272.62,0
0.9,140,0,0.444306,0,-18.9818,0,-210.592,0
0.9,140,360,0.444306,0,-18.9818,0,-210.592,0
0.9,150,0,0.502295,0,-12.836,0,-144.706,0
0.9,150,360,0.502295,0,-12.836,0,-144.706,0
0.9,155,0,0.525659,0,-9.90704,0,-112.807,0
0.9,155,360,0.525659,0,-9.90704,0,-112.807,0
0.9,160,0,0.545022,0,-7.19394,0,-82.908,0
0.9,160,360,0.545022,0,-7.19394,0,-82.908,0
0.9,165,0,0.560237,0,-4.77915,0,-55.9162,0
0.9,165,360,0.560237,0,-4.77915,0,-55.9162,0
0.9,168,0,0.567326,0,-3.50443,0,-41.4624,0
0.9,168,360,0.567326,0,-3.50443,0,-41.4624,0
0.9,170,0,0.571188,0,-2.73604,0,-32.6522,0
0.9,170,360,0.571188,0,-2.73604,0,-32.6522,0
0.9,172,0,0.574355,0,-2.03719,0,-24.553,0
0.9,172,360,0.574355,0,-2.03719,0,-24.553,0
0.9,174,0,0.576823,0,-1.41131,0,-17.2043,0
0.9,174,360,0.576823,0,-1.41131,0,-17.2043,0
0.9,176,0,0.578587,0,-0.861423,0,-10.6419,0
0.9,176,360,0.578587,0,-0.861423,0,-10.6419,0
0.9,178,0,0.579647,0,-0.390222,0,-4.89783,0
0.9,178,360,0.579647,0,-0.390222,0,-4.89783,0
0.9,179,0,0.579912,0,-0.184861,0,-2.34154,0
0.9,179,360,0.579912,0,-0.184861,0,-2.34154,0
0.9,180,0,0.58,0,-1.22465e-15,0,-1.56697e-14,0
0.9,180,360,0.58,0,-1.22465e-15,0,-1.56697e-14,0
1,0,0,-0.72,0,0,0,0,0
1,0,360,-0.72,0,0,0,0,0
1,1,0,-0.71989,0,-0.184861,0,-2.34154,0
1,1,360,-0.71989,0,-0.184861,0,-2.34154,0
1,2,0,-0.719561,0,-0.390222,0,-4.89783,0
1,2,360,-0.719561,0,-0.390222,0,-4.89783,0
1,4,0,-0.718246,0,-0.861423,0,-10.6419,0
1,4,360,-0.718246,0,-0.861423,0,-10.6419,0
1,6,0,-0.716056,0,-1.41131,0,-17.2043,0
1,6,360,-0.716056,0,-1.41131,0,-17.2043,0
1,8,0,-0.712993,0,-2.03719,0,-24.553,0
1,8,360,-0.712993,0,-2.03719,0,-24.553,0
1,10,0,-0.709062,0,-2.73604,0,-32.6522,0
1,10,360,-0.709062,0,-2.73604,0,-32.6522,0
1,12,0,-0.704266,0,-3.50443,0,-41.4624,0
1,12,360,-0.704266,0,-3.50443,0,-41.4624,0
1,15,0,-0.695467,0,-4.77915,0,-55.9162,0
1,15,360,-0.695467,0,-4.77915,0,-55.9162,0
1,20,0,-0.676579,0,-7.19394,0,-82.908,0
1,20,360,-0.676579,0,-7.19394,0,-82.908,0
1,25,0,-0.652542,0,-9.90704,0,-112.807,0
1,25,360,-0.652542,0,-9.90704,0,-112.807,0
1,30,0,-0.623538,0,-12.836,0,-144.706,0
1,30,360,-0.623538,0,-12.836,0,-144.706,0
1,40,0,-0.551552,0,-18.9818,0,-210.592,0
1,40,360,-0.551552,0,-18.9818,0,-210.592,0
1,50,0,-0.462807,0,-24.8899,0,-272.62,0
1,50,360,-0.462807,0,-24.8899,0,-272.62,0
1,60,0,-0.36,0,-29.8478,0,-323.307,0
1,60,360,-0.36,0,-29.8478,0,-323.307,0
1,70,0,-0.246255,0,-33.2575,0,-356.541,0
1,70,360,-0.246255,0,-33.2575,0,-356.541,0
1,80,0,-0.125027,0,-34.7077,0,-368.313,0
1,80,360,-0.125027,0,-34.7077,0,-368.313,0
1,90,0,-4.40873e-17,0,-34.0236,0,-357.203,0
1,90,360,-4.40873e-17,0,-34.0236,0,-357.203,0
1,100,0,0.125027,0,-34.7077,0,-368.313,0
1,100,360,0.125027,0,-34.7077,0,-368.313,0
1,110,0,0.246255,0,-33.2575,0,-356.541,0
1,110,360,0.246255,0,-33.2575,0,-356.541,0
1,120,0,0.36,0,-29.8478,0,-323.307,0
1,120,360,0.36,0,-29.8478,0,-323.307,0
1,130,0,0.462807,0,-24.8899,0,-272.62,0
1,130,360,0.462807,0,-24.8899,0,-272.62,0
1,140,0,0.551552,0,-18.9818,0,-210.592,0
1,140,360,0.551552,0,-18.9818,0,-210.592,0
1,150,0,0.623538,0,-12.836,0,-144.706,0
1,150,360,0.623538,0,-12.836,0,-144.706,0
1,155,0,0.652542,0,-9.90704,0,-112.807,0
1,155,360,0.652542,0,-9.90704,0,-112.807,0
1,160,0,0.676579,0,-7.19394,0,-82.908,0
1,160,360,0.676579,0,-7.19394,0,-82.908,0
1,165,0,0.695467,0,-4.77915,0,-55.9162,0
1,165,360,0.695467,0,-4.77915,0,-55.9162,0
1,168,0,0.704266,0,-3.50443,0,-41.4624,0
1,168,360,0.704266,0,-3.50443,0,-41.4624,0
1,170,0,0.709062,0,-2.73604,0,-32.6522,0
1,170,360,0.709062,0,-2.73604,0,-32.6522,0
1,172,0,0.712993,0,-2.03719,0,-24.553,0
1,172,360,0.712993,0,-2.03719,0,-24.553,0
1,174,0,0.716056,0,-1.41131,0,-17.2043,0
1,174,360,0.716056,0,-1.41131,0,-17.2043,0
1,176,0,0.718246,0,-0.861423,0,-10.6419,0
1,176,360,0.718246,0,-0.861423,0,-10.6419,0
1,178,0,0.719561,0,-0.390222,0,-4.89783,0
1,178,360,0.719561,0,-0.390222,0,-4.89783,0
1,179,0,0.71989,0,-0.184861,0,-2.34154,0
1,179,360,0.71989,0,-0.184861,0,-2.34154,0
1,180,0,0.72,0,-1.22465e-15,0,-1.56697e-14,0
1,180,360,0.72,0,-1.22465e-15,0,-1.56697e-14,0
1.1,0,0,-0.75,0,0,0,0,0
1.1,0,360,-0.75,0,0,0,0,0
1.1,1,0,-0.749886,0,-0.184861,0,-2.34154,0
1.1,1,360,-0.749886,0,-0.184861,0,-2.34154,0
1.1,2,0,-0.749543,0,-0.390222,0,-4.89783,0
1.1,2,360,-0.749543,0,-0.390222,0,-4.89783,0
1.1,4,0,-0.748173,0,-0.861423,0,-10.6419,0
1.1,4,360,-0.748173,0,-0.861423,0,-10.6419,0
1.1,6,0,-0.745891,0,-1.41131,0,-17.2043,0
1.1,6,360,-0.745891,0,-1.41131,0,-17.2043,0
1.1,8,0,-0.742701,0,-2.03719,0,-24.553,0
1.1,8,360,-0.742701,0,-2.03719,0,-24.553,0
1.1,10,0,-0.738606,0,-2.73604,0,-32.6522,0
1.1,10,360,-0.738606,0,-2.73604,0,-32.6522,0
1.1,12,0,-0.733611,0,-3.50443,0,-41.4624,0
1.1,12,360,-0.733611,0,-3.50443,0,-41.4624,0
1.1,15,0,-0.724444,0,-4.77915,0,-55.9162,0
1.1,15,360,-0.724444,0,-4.77915,0,-55.9162,0
1.1,20,0,-0.704769,0,-7.19394,0,-82.908,0
1.1,20,360,-0.704769,0,-7.19394,0,-82.908,0
1.1,25,0,-0.679731,0,-9.90704,0,-112.807,0
1.1,25,360,-0.679731,0,-9.90704,0,-112.807,0
1.1,30,0,-0.649519,0,-12.836,0,-144.706,0
1.1,30,360,-0.649519,0,-12.836,0,-144.706,0
1.1,40,0,-0.574533,0,-18.9818,0,-210.592,0
1.1,40,360,-0.574533,0,-18.9818,0,-210.592,0
1.1,50,0,-0.482091,0,-24.8899,0,-272.62,0
1.1,50,360,-0.482091,0,-24.8899,0,-272.62,0
1.1,60,0,-0.375,0,-29.8478,0,-323.307,0
1.1,60,360,-0.375,0,-29.8478,0,-323.307,0
1.1,70,0,-0.256515,0,-33.2575,0,-356.541,0
1.1,70,360,-0.256515,0,-33.2575,0,-356.541,0
1.1,80,0,-0.130236,0,-34.7077,0,-368.313,0
1.1,80,360,-0.130236,0,-34.7077,0,-368.313,0
1.1,90,0,-4.59243e-17,0,-34.0236,0,-357.203,0
1.1,90,360,-4.59243e-17,0,-34.0236,0,-357.203,0
1.1,100,0,0.130236,0,-34.7077,0,-368.313,0
1.1,100,360,0.130236,0,-34.7077,0,-368.313,0
1.1,110,0,0.256515,0,-33.2575,0,-356.541,0
1.1,110,360,0.256515,0,-33.2575,0,-356.541,0
1.1,120,0,0.375,0,-29.8478,0,-323.307,0
1.1,120,360,0.375,0,-29.8478,0,-323.307,0
1.1,130,0,0.482091,0,-24.8899,0,-272.62,0
1.1,130,360,0.482091,0,-24.8899,0,-272.62,0
1.1,140,0,0.574533,0,-18.9818,0,-210.592,0
1.1,140,360,0.574533,0,-18.9818,0,-210.592,0
1.1,150,0,0.649519,0,-12.836,0,-144.706,0
1.1,150,360,0.649519,0,-12.836,0,-144.706,0
1.1,155,0,0.679731,0,-9.90704,0,-112.807,0
1.1,155,360,0.679731,0,-9.90704,0,-112.807,0
1.1,160,0,0.704769,0,-7.19394,0,-82.908,0
1.1,160,360,0.704769,0,-7.19394,0,-82.908,0
1.1,165,0,0.724444,0,-4.77915,0,-55.9162,0
1.1,165,360,0.724444,0,-4.77915,0,-55.9162,0
1.1,168,0,0.733611,0,-3.50443,0,-41.4624,0
1.1,168,360,0.733611,0,-3.50443,0,-41.4624,0
1.1,170,0,0.738606,0,-2.73604,0,-32.6522,0
1.1,170,360,0.738606,0,-2.73604,0,-32.6522,0
1.1,172,0,0.742701,0,-2.03719,0,-24.553,0
1.1,172,360,0.742701,0,-2.03719,0,-24.553,0
1.1,174,0,0.745891,0,-1.41131,0,-17.2043,0
1.1,174,360,0.745891,0,-1.41131,0,-17.2043,0
1.1,176,0,0.748173,0,-0.861423,0,-10.6419,0
1.1,176,360,0.748173,0,-0.861423,0,-10.6419,0
1.1,178,0,0.749543,0,-0.390222,0,-4.89783,0
1.1,178,360,0.749543,0,-0.390222,0,-4.89783,0
1.1,179,0,0.749886,0,-0.184861,0,-2.34154,0
1.1,179,360,0.749886,0,-0.184861,0,-2.34154,0
1.1,180,0,0.75,0,-1.22465e-15,0,-1.56697e-14,0
1.1,180,360,0.75,0,-1.22465e-15,0,-1.56697e-14,0
1.2,0,0,-0.72,0,0,0,0,0
1.2,0,360,-0.72,0,0,0,0,0
1.2,1,0,-0.71989,0,-0.184861,0,-2.34154,0
1.2,1,360,-0.71989,0,-0.184861,0,-2.34154,0
1.2,2,0,-0.719561,0,-0.390222,0,-4.89783,0
1.2,2,360,-0.719561,0,-0.390222,0,-4.89783,0
1.2,4,0,-0.718246,0,-0.861423,0,-10.6419,0
1.2,4,360,-0.718246,0,-0.861423,0,-10.6419,0
1.2,6,0,-0.716056,0,-1.41131,0,-17.2043,0
1.2,6,360,-0.716056,0,-1.41131,0,-17.2043,0
1.2,8,0,-0.712993,0,-2.03719,0,-24.553,0
1.2,8,360,-0.712993,0,-2.03719,0,-24.553,0
1.2,10,0,-0.709062,0,-2.73604,0,-32.6522,0
1.2,10,360,-0.709062,0,-2.73604,0,-32.6522,0
1.2,12,0,-0.704266,0,-3.50443,0,-41.4624,0
1.2,12,360,-0.704266,0,-3.50443,0,-41.4624,0
1.2,15,0,-0.695467,0,-4.77915,0,-55.9162,0
1.2,15,360,-0.695467,0,-4.77915,0,-55.9162,0
1.2,20,0,-0.676579,0,-7.19394,0,-82.908,0
1.2,20,360,-0.676579,0,-7.19394,0,-82.908,0
1.2,25,0,-0.652542,0,-9.90704,0,-112.807,0
1.2,25,360,-0.652542,0,-9.90704,0,-112.807,0
1.2,30,0,-0.623538,0,-12.836,0,-144.706,0
1.2,30,360,-0.623538,0,-12.836,0,-144.706,0
1.2,40,0,-0.551552,0,-18.9818,0,-210.592,0
1.2,40,360,-0.551552,0,-18.9818,0,-210.592,0
1.2,50,0,-0.462807,0,-24.8899,0,-272.62,0
1.2,50,360,-0.462807,0,-24.8899,0,-272.62,0
1.2,60,0,-0.36,0,-29.8478,0,-323.307,0
1.2,60,360,-0.36,0,-29.8478,0,-323.307,0
1.2,70,0,-0.246255,0,-33.2575,0,-356.541,0
1.2,70,360,-0.246255,0,-33.2575,0,-356.541,0
1.2,80,0,-0.125027,0,-34.7077,0,-368.313,0
1.2,80,360,-0.125027,0,-34.7077,0,-368.313,0
1.2,90,0,-4.40873e-17,0,-34.0236,0,-357.203,0
1.2,90,360,-4.40873e-17,0,-34.0236,0,-357.203,0
1.2,100,0,0.125027,0,-34.7077,0,-368.313,0
1.2,100,360,0.125027,0,-34.7077,0,-368.313,0
1.2,110,0,0.246255,0,-33.2575,0,-356.541,0
1.2,110,360,0.246255,0,-33.2575,0,-356.541,0
1.2,120,0,0.36,0,-29.8478,0,-323.307,0
1.2,120,360,0.36,0,-29.8478,0,-323.307,0
1.2,130,0,0.462807,0,-24.8899,0,-272.62,0
1.2,130,360,0.462807,0,-24.8899,0,-272.62,0
1.2,140,0,0.551552,0,-18.9818,0,-210.592,0
1.2,140,360,0.551552,0,-18.9818,0,-210.592,0
1.2,150,0,0.623538,0,-12.836,0,-144.706,0
1.2,150,360,0.623538,0,-12.836,0,-144.706,0
1.2,155,0,0.652542,0,-9.90704,0,-112.807,0
1.2,155,360,0.652542,0,-9.90704,0,-112.807,0
1.2,160,0,0.676579,0,-7.19394,0,-82.908,0
1.2,160,360,0.676579,0,-7.19394,0,-82.908,0
1.2,165,0,0.695467,0,-4.77915,0,-55.9162,0
1.2,165,360,0.695467,0,-4.77915,0,-55.9162,0
1.2,168,0,0.704266,0,-3.50443,0,-41.4624,0
1.2,168,360,0.704266,0,-3.50443,0,-41.4624,0
1.2,170,0,0.709062,0,-2.73604,0,-32.6522,0
1.2,170,360,0.709062,0,-2.73604,0,-32.6522,0
1.2,172,0,0.712993,0,-2.03719,0,-24.553,0
1.2,172,360,0.712993,0,-2.03719,0,-24.553,0
1.2,174,0,0.716056,0,-1.41131,0,-17.2043,0
1.2,174,360,0.716056,0,-1.41131,0,-17.2043,0
1.2,176,0,0.718246,0,-0.861423,0,-10.6419,0
1.2,176,360,0.718246,0,-0.861423,0,-10.6419,0
1.2,178,0,0.719561,0,-0.390222,0,-4.89783,0
1.2,178,360,0.719561,0,-0.390222,0,-4.89783,0
1.2,179,0,0.71989,0,-0.184861,0,-2.34154,0
1.2,179,360,0.71989,0,-0.184861,0,-2.34154,0
1.2,180,0,0.72,0,-1.22465e-15,0,-1.56697e-14,0
1.2,180,360,0.72,0,-1.22465e-15,0,-1.56697e-14,0
1.5,0,0,-0.62,0,0,0,0,0
1.5,0,360,-0.62,0,0,0,0,0
1.5,1,0,-0.619906,0,-0.184861,0,-2.34154,0
1.5,1,360,-0.619906,0,-0.184861,0,-2.34154,0
1.5,2,0,-0.619622,0,-0.390222,0,-4.89783,0
1.5,2,360,-0.619622,0,-0.390222,0,-4.89783,0
1.5,4,0,-0.61849,0,-0.861423,0,-10.6419,0
1.5,4,360,-0.61849,0,-0.861423,0,-10.6419,0
1.5,6,0,-0.616604,0,-1.41131,0,-17.2043,0
1.5,6,360,-0.616604,0,-1.41131,0,-17.2043,0
1.5,8,0,-0.613966,0,-2.03719,0,-24.553,0
1.5,8,360,-0.613966,0,-2.03719,0,-24.553,0
1.5,10,0,-0.610581,0,-2.73604,0,-32.6522,0
1.5,10,360,-0.610581,0,-2.73604,0,-32.6522,0
1.5,12,0,-0.606452,0,-3.50443,0,-41.4624,0
1.5,12,360,-0.606452,0,-3.50443,0,-41.4624,0
1.5,15,0,-0.598874,0,-4.77915,0,-55.9162,0
1.5,15,360,-0.598874,0,-4.77915,0,-55.9162,0
1.5,20,0,-0.582609,0,-7.19394,0,-82.908,0
1.5,20,360,-0.582609,0,-7.19394,0,-82.908,0
1.5,25,0,-0.561911,0,-9.90704,0,-112.807,0
1.5,25,360,-0.561911,0,-9.90704,0,-112.807,0
1.5,30,0,-0.536936,0,-12.836,0,-144.706,0
1.5,30,360,-0.536936,0,-12.836,0,-144.706,0
1.5,40,0,-0.474948,0,-18.9818,0,-210.592,0
1.5,40,360,-0.474948,0,-18.9818,0,-210.592,0
1.5,50,0,-0.398528,0,-24.8899,0,-272.62,0
1.5,50,360,-0.398528,0,-24.8899,0,-272.62,0
1.5,60,0,-0.31,0,-29.8478,0,-323.307,0
1.5,60,360,-0.31,0,-29.8478,0,-323.307,0
1.5,70,0,-0.212052,0,-33.2575,0,-356.541,0
1.5,70,360,-0.212052,0,-33.2575,0,-356.541,0
1.5,80,0,-0.107662,0,-34.7077,0,-368.313,0
1.5,80,360,-0.107662,0,-34.7077,0,-368.313,0
1.5,90,0,-3.79641e-17,0,-34.0236,0,-357.203,0
1.5,90,360,-3.79641e-17,0,-34.0236,0,-357.203,0
1.5,100,0,0.107662,0,-34.7077,0,-368.313,0
1.5,100,360,0.107662,0,-34.7077,0,-368.313,0
1.5,110,0,0.212052,0,-33.2575,0,-356.541,0
1.5,110,360,0.212052,0,-33.2575,0,-356.541,0
1.5,120,0,0.31,0,-29.8478,0,-323.307,0
1.5,120,360,0.31,0,-29.8478,0,-323.307,0
1.5,130,0,0.398528,0,-24.8899,0,-272.62,0
1.5,130,360,0.398528,0,-24.8899,0,-272.62,0
1.5,140,0,0.474948,0,-18.9818,0,-210.592,0
1.5,140,360,0.474948,0,-18.9818,0,-210.592,0
1.5,150,0,0.536936,0,-12.836,0,-144.706,0
1.5,150,360,0.536936,0,-12.836,0,-144.706,0
1.5,155,0,0.561911,0,-9.90704,0,-112.807,0
1.5,155,360,0.561911,0,-9.90704,0,-112.807,0
1.5,160,0,0.582609,0,-7.19394,0,-82.908,0
1.5,160,360,0.582609,0,-7.19394,0,-82.908,0
1.5,165,0,0.598874,0,-4.77915,0,-55.9162,0
1.5,165,360,0.598874,0,-4.77915,0,-55.9162,0
1.5,168,0,0.606452,0,-3.50443,0,-41.4624,0
1.5,168,360,0.606452,0,-3.50443,0,-41.4624,0
1.5,170,0,0.610581,0,-2.73604,0,-32.6522,0
1.5,170,360,0.610581,0,-2.73604,0,-32.6522,0
1.5,172,0,0.613966,0,-2.03719,0,-24.553,0
1.5,172,360,0.613966,0,-2.03719,0,-24.553,0
1.5,174,0,0.616604,0,-1.41131,0,-17.2043,0
1.5,174,360,0.616604,0,-1.41131,0,-17.2043,0
1.5,176,0,0.61849,0,-0.861423,0,-10.6419,0
1.5,176,360,0.61849,0,-0.861423,0,-10.6419,0
1.5,178,0,0.619622,0,-0.390222,0,-4.89783,0
1.5,178,360,0.619622,0,-0.390222,0,-4.89783,0
1.5,179,0,0.619906,0,-0.184861,0,-2.34154,0
1.5,179,360,0.619906,0,-0.184861,0,-2.34154,0
1.5,180,0,0.62,0,-1.22465e-15,0,-1.56697e-14,0
1.5,180,360,0.62,0,-1.22465e-15,0,-1.56697e-14,0
2,0,0,-0.52,0,0,0,0,0
2,0,360,-0.52,0,0,0,0,0
2,1,0,-0.519921,0,-0.184861,0,-2.34154,0
2,1,360,-0.519921,0,-0.184861,0,-2.34154,0
2,2,0,-0.519683,0,-0.390222,0,-4.89783,0
2,2,360,-0.519683,0,-0.390222,0,-4.89783,0
2,4,0,-0.518733,0,-0.861423,0,-10.6419,0
2,4,360,-0.518733,0,-0.861423,0,-10.6419,0
2,6,0,-0.517151,0,-1.41131,0,-17.2043,0
2,6,360,-0.517151,0,-1.41131,0,-17.2043,0
2,8,0,-0.514939,0,-2.03719,0,-24.553,0
2,8,360,-0.514939,0,-2.03719,0,-24.553,0
2,10,0,-0.5121,0,-2.73604,0,-32.6522,0
2,10,360,-0.5121,0,-2.73604,0,-32.6522,0
2,12,0,-0.508637,0,-3.50443,0,-41.4624,0
2,12,360,-0.508637,0,-3.50443,0,-41.4624,0
2,15,0,-0.502281,0,-4.77915,0,-55.9162,0
2,15,360,-0.502281,0,-4.77915,0,-55.9162,0
2,20,0,-0.48864,0,-7.19394,0,-82.908,0
2,20,360,-0.48864,0,-7.19394,0,-82.908,0
2,25,0,-0.47128,0,-9.90704,0,-112.807,0
2,25,360,-0.47128,0,-9.90704,0,-112.807,0
2,30,0,-0.450333,0,-12.836,0,-144.706,0
2,30,360,-0.450333,0,-12.836,0,-144.706,0
2,40,0,-0.398343,0,-18.9818,0,-210.592,0
2,40,360,-0.398343,0,-18.9818,0,-210.592,0
2,50,0,-0.33425,0,-24.8899,0,-272.62,0
2,50,360,-0.33425,0,-24.8899,0,-272.62,0
2,60,0,-0.26,0,-29.8478,0,-323.307,0
2,60,360,-0.26,0,-29.8478,0,-323.307,0
2,70,0,-0.17785,0,-33.2575,0,-356.541,0
2,70,360,-0.17785,0,-33.2575,0,-356.541,0
2,80,0,-0.0902971,0,-34.7077,0,-368.313,0
2,80,360,-0.0902971,0,-34.7077,0,-368.313,0
2,90,0,-3.18408e-17,0,-34.0236,0,-357.203,0
2,90,360,-3.18408e-17,0,-34.0236,0,-357.203,0
2,100,0,0.0902971,0,-34.7077,0,-368.313,0
2,100,360,0.0902971,0,-34.7077,0,-368.313,0
2,110,0,0.17785,0,-33.2575,0,-356.541,0
2,110,360,0.17785,0,-33.2575,0,-356.541,0
2,120,0,0.26,0,-29.8478,0,-323.307,0
2,120,360,0.26,0,-29.8478,0,-323.307,0
2,130,0,0.33425,0,-24.8899,0,-272.62,0
2,130,360,0.33425,0,-24.8899,0,-272.62,0
2,140,0,0.398343,0,-18.9818,0,-210.592,0
2,140,360,0.398343,0,-18.9818,0,-210.592,0
2,150,0,0.450333,0,-12.836,0,-144.706,0
2,150,360,0.450333,0,-12.836,0,-144.706,0
2,155,0,0.47128,0,-9.90704,0,-112.807,0
2,155,360,0.47128,0,-9.90704,0,-112.807,0
2,160,0,0.48864,0,-7.19394,0,-82.908,0
2,160,360,0.48864,0,-7.19394,0,-82.908,0
2,165,0,0.502281,0,-4.77915,0,-55.9162,0
2,165,360,0.502281,0,-4.77915,0,-55.9162,0
2,168,0,0.508637,0,-3.50443,0,-41.4624,0
2,168,360,0.508637,0,-3.50443,0,-41.4624,0
2,170,0,0.5121,0,-2.73604,0,-32.6522,0
2,170,360,0.5121,0,-2.73604,0,-32.6522,0
2,172,0,0.514939,0,-2.03719,0,-24.553,0
2,172,360,0.514939,0,-2.03719,0,-24.553,0
2,174,0,0.517151,0,-1.41131,0,-17.2043,0
2,174,360,0.517151,0,-1.41131,0,-17.2043,0
2,176,0,0.518733,0,-0.861423,0,-10.6419,0
2,176,360,0.518733,0,-0.861423,0,-10.6419,0
2,178,0,0.519683,0,-0.390222,0,-4.89783,0
2,178,360,0.519683,0,-0.390222,0,-4.89783,0
2,179,0,0.519921,0,-0.184861,0,-2.34154,0
2,179,360,0.519921,0,-0.184861,0,-2.34154,0
2,180,0,0.52,0,-1.22465e-15,0,-1.56697e-14,0
2,180,360,0.52,0,-1.22465e-15,0,-1.56697e-14,0
